{
  "w": 640,
  "h": 480,
  "fps": 30,
  "depth_scale": 0.0010000000474974513,
  "fx": 603.4837646484375,
  "fy": 603.038330078125,
  "ppx": 322.30926513671875,
  "ppy": 247.2435302734375,
  "depth_format": "png16",
  "color_format": "jpg"
}